KEYS,en,pt
ACORN_NAME,Acorn,Bolota
ACORN_DESC,"Acorn flour is one of the most versatile ingredients in our kitchen. Our chef Monika uses it across menus as a gluten-free base for mushroom dishes, in pasta doughs alongside khorasan wheat, and in savoury polenta cakes. It has an earthy, nutty depth that pairs naturally with umami. We source our acorn flour through Landratech, a startup we partner with alongside Associação Verde, an organisation dedicated to ecological restoration and sustainable land management in Portugal. Once a staple of rural Portuguese cooking, acorn connects our menu to agroforestry systems and to a deep, overlooked food history.","A farinha de bolota é um dos ingredientes mais versáteis da nossa cozinha. A nossa chef Monika usa-a em vários menus como base sem glúten para pratos de cogumelos, em massas com trigo khorasan e em bolos salgados de polenta. Tem uma profundidade terrosa e amendoada que combina naturalmente com sabores umami. A nossa farinha de bolota é fornecida pela Landratech, uma startup com a qual trabalhamos em parceria com a Associação Verde, uma organização dedicada à restauração ecológica e à gestão sustentável do território em Portugal. Outrora um alimento base na cozinha rural portuguesa, a bolota liga o nosso menu a sistemas agroflorestais e a uma história alimentar profunda e esquecida."
CHANTERELLE_NAME,Chanterelle,Cantarelo
CHANTERELLE_DESC,"Mushrooms are a cornerstone of our menu, changing with each season. When wild chanterelles are available, they come to us through Gustavo Bruver, who forages in the areas around Albergaria-a-Velha and also supplies our cultivated varieties (pleurotus, shimeji, shiitake) through his Nuances Frescas project. Chanterelles fruit only where woodland ecosystems are healthy, making their appearance a quiet indicator of fungal networks and root partnerships working underground. In the kitchen, their delicate, peppery flavour pairs well with acorn flour and woody kukicha tea.","Os cogumelos são um pilar do nosso menu e mudam a cada estação. Quando há cantarelos selvagens disponíveis, chegam-nos através do Gustavo Bruver, que faz recolha nas zonas em redor de Albergaria-a-Velha e também nos fornece variedades cultivadas (pleurotus, shimeji, shiitake) através do seu projecto Nuances Frescas. Os cantarelos só frutificam onde os ecossistemas florestais são saudáveis, o que faz da sua presença um indicador discreto de redes fúngicas e parcerias radiculares a trabalhar no subsolo. Na cozinha, o seu sabor delicado e apimentado combina bem com farinha de bolota e chá kukicha."
PENNYWORT_NAME,Pennywort,Umbigo-de-Vénus
PENNYWORT_DESC,"Pennywort grows wild on stone walls, shaded rock faces, and in rocky crevices. We forage it ourselves, finding it on walls near Tiago Fonteboa's Formiga Gloriosa project in Muro, Trofa, and in similar spots across the region. It stores water in its round, fleshy leaves and holds soil together where little else takes root. In the kitchen, its mild, slightly succulent texture works well in raw preparations, salads, and as a fresh accent alongside richer dishes. Pennywort is the kind of ingredient we are drawn to at VENN: overlooked, adapted to unlikely places, and full of quiet potential.","O umbigo-de-vênus cresce de forma selvagem em muros de pedra, superfícies rochosas sombreadas e fendas. Recolhemo-lo nós próprios, encontrando-o em muros perto do projecto Formiga Gloriosa do Tiago Fonteboa em Muro, Trofa, e em locais semelhantes pela região. Armazena água nas suas folhas redondas e carnudas e segura o solo onde quase nada mais se enraíza. Na cozinha, a sua textura suave e ligeiramente suculenta funciona bem em preparações cruas, saladas e como apontamento fresco ao lado de pratos mais ricos. O umbigo-de-vênus é o tipo de ingrediente que nos atrai na VENN: esquecido, adaptado a lugares improváveis e cheio de potencial discreto."
BORAGE_NAME,Borage,Borragem
BORAGE_DESC,"Borage is one of the wild species we source from our partner farms, including Maria Prada's Sweet Green project in Castelo de Paiva and Tiago Fonteboa's Formiga Gloriosa in Trofa. On the plate, it brings a bright, cucumber-like freshness. We use it in salads and as edible flowers, where its vivid blue blooms add colour alongside herbs and seasonal greens. In the field, borage attracts pollinators, lifts minerals to the surface, and supports the crops growing around it. It represents the kind of ingredient where beauty and ecological function turn out to be the same thing.","A borragem é uma das espécies selvagens que obtemos das nossas quintas parceiras, incluindo o projecto Sweet Green da Maria Prada em Castelo de Paiva e a Formiga Gloriosa do Tiago Fonteboa na Trofa. No prato, traz uma frescura viva, semelhante a pepino. Usamo-la em saladas e como flores comestíveis, onde as suas flores azuis vibrantes acrescentam cor ao lado de ervas e verdes da estação. No campo, a borragem atrai polinizadores, traz minerais à superfície e apoia as culturas que crescem à sua volta. Representa o tipo de ingrediente em que beleza e função ecológica acabam por ser a mesma coisa."
FAVA_NAME,Fava,Fava
FAVA_DESC,"Fava has appeared across our menus in different forms, from marinated broad beans with mint oil and corn crackers to seasonal preparations that change with what our partner farms have available. We source fava from the same regenerative farms that supply much of our produce, including Maria Prada's Sweet Green in Castelo de Paiva and Tiago Fonteboa's Formiga Gloriosa in Trofa. Its flavour is gentle but grounding. In the field, fava plays a structural role: its roots collaborate with soil bacteria to fix nitrogen, enriching the ground for whatever crop comes next. At VENN, we value fava as much for its agricultural importance as for what it brings to the plate.","A fava tem aparecido nos nossos menus em diferentes formas: marinada com óleo de hortelã e crackers de milho, ou em preparações sazonais que mudam conforme o que as nossas quintas parceiras têm disponível. A fava vem das mesmas quintas regenerativas que nos fornecem grande parte dos nossos produtos, incluindo o projecto Sweet Green da Maria Prada em Castelo de Paiva e a Formiga Gloriosa do Tiago Fonteboa na Trofa. O seu sabor é suave mas reconfortante. No campo, a fava desempenha um papel estrutural: as suas raízes colaboram com bactérias do solo para fixar azoto, enriquecendo a terra para a cultura seguinte. Na VENN, valorizamos a fava tanto pela sua importância agrícola como pelo que traz ao prato."
DANDELION_NAME,Dandelion,Dente-de-Leão
DANDELION_DESC,"Dandelion is one of the wild species we use regularly, sourced from Maria Prada at Sweet Green in Castelo de Paiva and Tiago at Formiga Gloriosa in Trofa. Its leaves bring a slight bitterness and peppery kick that our chef Monika puts to work in dishes like our homemade gnocchi, where a creamy dandelion sauce becomes the main character alongside nettle oil. Ecologically, dandelion breaks compacted ground, feeds early pollinators, and grows where most cultivated plants will not. It is one of several so-called weeds we work with at VENN.","O dente-de-leão é uma das espécies selvagens que usamos regularmente, fornecida pela Maria Prada do projecto Sweet Green em Castelo de Paiva e pelo Tiago da Formiga Gloriosa na Trofa. As suas folhas trazem um amargor subtil e um toque apimentado que a nossa chef Monika aproveita em pratos como o nosso gnocchi caseiro, onde um molho cremoso de dente-de-leão se torna o protagonista ao lado de óleo de urtiga. Ecologicamente, o dente-de-leão rompe solo compactado, alimenta polinizadores precoces e cresce onde a maioria das plantas cultivadas não sobrevive. É uma das várias chamadas ervas daninhas com que trabalhamos na VENN."
PURPLE_BASIL_NAME,Purple Basil,Manjericão Roxo
PURPLE_BASIL_DESC,"Purple basil has featured across our menus as both a garnish and an aromatic ingredient, sourced from Maria Prada's Sweet Green project in Castelo de Paiva. Its deep colour comes from anthocyanins, pigments the plant produces in response to stress, which also protect it from UV light and pests. The volatile oils that make it so expressive on the plate serve a similar dual purpose in the field: deterring insects while attracting pollinators when it flowers. At VENN, purple basil helps tell a story about flavour as adaptation. The compounds that make it delicious are the same ones keeping it alive.","O manjericão roxo tem estado presente nos nossos menus como guarnição e como ingrediente aromático, fornecido pelo projecto Sweet Green da Maria Prada em Castelo de Paiva. A sua cor profunda vem das antocianinas, pigmentos que a planta produz em resposta ao stress, e que também a protegem da luz UV e de pragas. Os óleos voláteis que o tornam tão expressivo no prato cumprem uma função dupla semelhante no campo: afastam insectos enquanto atraem polinizadores quando floresce. Na VENN, o manjericão roxo ajuda a contar uma história sobre o sabor como adaptação. Os compostos que o tornam delicioso são os mesmos que o mantêm vivo."
FIG_NAME,Fig,Figo
FIG_DESC,"Fig appears across our menus in several forms. In winter, our chef Monika makes a fried fig jam to accompany poached turnip, and uses dried fig infusions, drawn from Polish Christmas tradition, to bring sweetness and digestive warmth. Fig jam also accompanies our milk bun interlude. Our figs are sourced in Trás-os-Montes. The fruit's sweetness depends on an ancient partnership with the fig wasp, which pollinates the enclosed flowers in an exchange that has lasted millions of years. It is one of the clearest examples on our menu of flavour produced through ecological partnership.","O figo aparece nos nossos menus de várias formas. No inverno, a nossa chef Monika prepara uma compota de figo frita para acompanhar o nabo escalfado, e usa infusões de figo seco, inspiradas na tradição natalina polaca, para trazer doçura e calor digestivo. A compota de figo também acompanha o nosso interlúdio de pão de leite. Os nossos figos são de Trás-os-Montes. A doçura do fruto depende de uma parceria ancestral com a vespa-do-figo, que poliniza as flores internas numa troca que dura há milhões de anos. É um dos exemplos mais claros no nosso menu de sabor produzido através de parceria ecológica."
ELDERFLOWER_NAME,Elderflower,Flor de Sabugeiro
ELDERFLOWER_DESC,"Elder grows at the edges of Portugal's agricultural landscapes, marking the boundary between managed fields and wilder ground. At VENN, our chef Monika uses elderflower to make syrup infusions and it has featured in our homemade ice cream, where its delicate, floral character brings a gentle sweetness without weight. Its blossoms feed insects, its berries feed birds, and its hollow stems shelter small creatures. It is an ingredient that speaks to our interest in threshold species: organisms that thrive in the transitions between cultivated and uncultivated land, offering generosity across the boundaries they inhabit.","O sabugueiro cresce nas margens das paisagens agrícolas portuguesas, marcando a fronteira entre campos geridos e terreno mais selvagem. Na VENN, a nossa chef Monika usa a flor para fazer xaropes e infusões, e já apareceu no nosso gelado caseiro, onde o seu carácter delicado e floral traz uma doçura suave sem peso. As suas flores alimentam insectos, os seus frutos alimentam pássaros, e os seus caules ocos abrigam pequenas criaturas. É um ingrediente que fala do nosso interesse por espécies de fronteira: organismos que prosperam nas transições entre terreno cultivado e não cultivado, oferecendo generosidade ao longo dos limites que habitam."
